"id","session_id","command","code_before","code_after","created_at"
"1","e30f910a-f4ea-482e-aa9d-a028d60cae45","arp is interesting, but may need to match the beat","setcps(0.321)
$chord: chord(""<Ebm7 Abm7 Bbm7 Ebm7>"").voicing().slow(4).sound(""sine"").lpf(sine.range(500,1200).slow(8)).gain(0.3).room(0.6).color(""magenta"")._pianoroll()
$kick: s(""bd ~ ~ bd ~ bd ~ ~"").bank(""RolandTR808"").gain(0.6).swing(0.15).lpf(2000).color(""cyan"")
$snare: s(""~ ~ sd ~ ~ sd ~ ~"").bank(""RolandTR808"").gain(0.45).swing(0.15).room(0.3).lpf(3500).pan(sine.range(0.4, 0.6).slow(6)).color(""salmon"")
$melody: note(""<Eb4 ~ Gb4 ~> <Ab4 ~ C4 ~> <Bb4 ~ Db4 ~> <Eb4 ~ Db4 ~>"").slow(4).sound(""supersaw"").lpf(1000).gain(0.25).swing(0.18).room(0.3).pan(sine.range(0.2, 0.8).slow(10)).color(""orchid"")._scope()
$hat: s(""hh*8"").bank(""RolandTR808"").gain(rand.range(0.1,0.25)).degradeBy(0.15).lpf(3500).pan(sine.range(0.3,0.7).slow(4)).swing(0.2).color(""gold"")
$arp: n(""0 2 4 7 4 2"").scale(""Eb5:minor"").slow(2).sound(""sine"").attack(0.01).release(0.5).lpf(800).gain(0.18).room(0.4).swing(0.1).color(""steelblue"")","setcps(0.321)
$chord: chord(""<Ebm7 Abm7 Bbm7 Ebm7>"").voicing().slow(4).sound(""sine"").lpf(sine.range(500,1200).slow(8)).gain(0.3).room(0.6).color(""magenta"")._pianoroll()
$kick: s(""bd ~ ~ bd ~ bd ~ ~"").bank(""RolandTR808"").gain(0.6).swing(0.15).lpf(2000).color(""cyan"")
$snare: s(""~ ~ sd ~ ~ sd ~ ~"").bank(""RolandTR808"").gain(0.45).swing(0.15).room(0.3).lpf(3500).pan(sine.range(0.4, 0.6).slow(6)).color(""salmon"")
$melody: note(""<Eb4 ~ Gb4 ~> <Ab4 ~ C4 ~> <Bb4 ~ Db4 ~> <Eb4 ~ Db4 ~>"").slow(4).sound(""supersaw"").lpf(1000).gain(0.25).swing(0.18).room(0.3).pan(sine.range(0.2, 0.8).slow(10)).color(""orchid"")._scope()
$hat: s(""hh*8"").bank(""RolandTR808"").gain(rand.range(0.1,0.25)).degradeBy(0.15).lpf(3500).pan(sine.range(0.3,0.7).slow(4)).swing(0.2).color(""gold"")
$arp: n(""0 2 4 7 4 2"").scale(""Eb5:minor"").slow(1).sound(""sine"").attack(0.01).release(0.5).lpf(800).gain(0.18).room(0.4).swing(0.18).color(""steelblue"")","2026-02-28 20:28:53.734238+00"
"2","e30f910a-f4ea-482e-aa9d-a028d60cae45","arp have speeded up but still mismatch the rythem","setcps(0.321)
$chord: chord(""<Ebm7 Abm7 Bbm7 Ebm7>"").voicing().slow(4).sound(""sine"").lpf(sine.range(500,1200).slow(8)).gain(0.3).room(0.6).color(""magenta"")._pianoroll()
$kick: s(""bd ~ ~ bd ~ bd ~ ~"").bank(""RolandTR808"").gain(0.6).swing(0.15).lpf(2000).color(""cyan"")
$snare: s(""~ ~ sd ~ ~ sd ~ ~"").bank(""RolandTR808"").gain(0.45).swing(0.15).room(0.3).lpf(3500).pan(sine.range(0.4, 0.6).slow(6)).color(""salmon"")
$melody: note(""<Eb4 ~ Gb4 ~> <Ab4 ~ C4 ~> <Bb4 ~ Db4 ~> <Eb4 ~ Db4 ~>"").slow(4).sound(""supersaw"").lpf(1000).gain(0.25).swing(0.18).room(0.3).pan(sine.range(0.2, 0.8).slow(10)).color(""orchid"")._scope()
$hat: s(""hh*8"").bank(""RolandTR808"").gain(rand.range(0.1,0.25)).degradeBy(0.15).lpf(3500).pan(sine.range(0.3,0.7).slow(4)).swing(0.2).color(""gold"")
$arp: n(""0 2 4 7 4 2"").scale(""Eb5:minor"").slow(1).sound(""sine"").attack(0.01).release(0.5).lpf(800).gain(0.18).room(0.4).swing(0.18).color(""steelblue"")","setcps(0.321)
$chord: chord(""<Ebm7 Abm7","2026-02-28 20:29:31.908864+00"
"3","e30f910a-f4ea-482e-aa9d-a028d60cae45","rollback the gemini made some mistake","setcps(0.321)
$chord: chord(""<Ebm7 Abm7","setcps(0.321)
$chord: chord(""<Ebm7 Abm7 Bbm","2026-02-28 20:29:49.670134+00"
"4","e30f910a-f4ea-482e-aa9d-a028d60cae45","try to add a piano","setcps(0.5125)
$kick: s(""bd:3"").beat(""0,4,8,12"",16).bank(""RolandTR909"").gain(0.7).lpf(sine.range(2000, 4000).slow(4)).color(""orange"")
$bass: note(""D2 D2 D2 D2 ~ D2 D2 ~"").sound(""square"").lpf(sine.range(200,800).slow(8)).gain(0.4).color(""cyan"")._pianoroll()
$clap: s(""cp"").beat(""4,12"",16).bank(""RolandTR909"").gain(0.4).room(0.3).degradeBy(0.1).color(""magenta"")","setcps(0.5125)
$kick: s(""bd:3"").beat(""0,4,8,12"",16).bank(""RolandTR909"").gain(0.7).lpf(sine.range(2000, 4000).slow(4)).color(""orange"")
$bass: note(""D2 D2 D2 D2 ~ D2 D2 ~"").sound(""square"").lpf(sine.range(200,800).slow(8)).gain(0.4).color(""cyan"")._pianoroll()
$clap: s(""cp"").beat(""4,12"",16).bank(""RolandTR909"").gain(0.4).room(0.3).degradeBy(0.1).color(""magenta"")
$piano: note(""D3m"").sound(""piano"").attack(0.01).release(0.1).lpf(800).gain(0.15).room(0.2).sometimes().color(""gold"")._pianoroll()","2026-02-28 20:34:11.254417+00"
"5","e30f910a-f4ea-482e-aa9d-a028d60cae45","piano with some hype!","setcps(0.5125)
$kick: s(""bd:3"").beat(""0,4,8,12"",16).bank(""RolandTR909"").gain(0.7).lpf(sine.range(2000, 4000).slow(4)).color(""orange"")
$bass: note(""D2 D2 D2 D2 ~ D2 D2 ~"").sound(""square"").lpf(sine.range(200,800).slow(8)).gain(0.4).color(""cyan"")._pianoroll()
$clap: s(""cp"").beat(""4,12"",16).bank(""RolandTR909"").gain(0.45).room(0.3).degradeBy(0.1).color(""magenta"")
$piano: note(""D3m"").sound(""piano"").attack(0.01).release(0.1).lpf(sine.range(600, 1000).slow(4)).gain(0.15).room(0.2).sometimes().color(""gold"")._pianoroll()","setcps(0.5125)
$kick: s(""bd:3"").beat(""0,4,8,12"",16).bank(""RolandTR909"").gain(0.7).lpf(sine.range(2000, 4000).slow(4)).color(""orange"")
$bass: note(""D2 D2 D2 D2 ~ D2 D2 ~"").sound(""square"").lpf(sine.range(200,800).slow(8)).gain(0.4).color(""cyan"")._pianoroll()
$clap: s(""cp"").beat(""4,12"",16).bank(""RolandTR909"").gain(0.45).room(0.3).degradeBy(0.1).color(""magenta"")
$piano: note(""D3m"").beat(""1,5,9,13"",16).sound(""piano"").attack(0.01).release(0.1).lpf(sine.range(400, 1500).slow(4)).gain(0.22).room(0.2).color(""gold"")._pianoroll()","2026-02-28 20:35:12.036084+00"
"6","e30f910a-f4ea-482e-aa9d-a028d60cae45","looing great!!","setcps(0.5125)
$kick: s(""bd:3"").beat(""0,4,8,12"",16).bank(""RolandTR909"").gain(0.7).lpf(sine.range(2000, 4000).slow(4)).color(""orange"")
$bass: note(""D2 D2 D2 D2 ~ D2 D2 ~"").sound(""square"").lpf(sine.range(200,800).slow(8)).gain(0.4).color(""cyan"")._pianoroll()
$clap: s(""cp"").beat(""4,12"",16).bank(""RolandTR909"").gain(0.45).room(0.3).degradeBy(0.1).color(""magenta"")
$piano: note(""D3m"").beat(""1,5,9,13"",16).sound(""piano"").attack(0.01).release(0.1).lpf(sine.range(400, 1500).slow(4)).gain(0.22).room(0.2).color(""gold"")._pianoroll()","setcps(0.5125)
$kick: s(""bd:3"").beat(""0,4,8,12"",16).bank(""RolandTR909"").gain(0.7).lpf(sine.range(2000, 4000).slow(4)).color(""orange"")
$bass: note(""D2 D2 D2 D2 ~ D2 D2 ~"").sound(""square"").lpf(sine.range(200,800).slow(8)).gain(0.4).color(""cyan"")._pianoroll()
$clap: s(""cp"").beat(""4,12"",16).bank(""RolandTR909"").gain(0.45).room(0.3).degradeBy(0.1).color(""magenta"")
$piano: note(""D3m"").beat(""1,5,9,13"",16).sound(""piano"").attack(0.01).release(0.1).lpf(sine.range(400, 1500).slow(4)).gain(0.22).room(0.2).color(""gold"")._pianoroll()
$hat: s(""[~ hh]*4"").bank(""RolandTR909"").gain(0.2).hpf(6000).swing(0.05).color(""lime"")","2026-02-28 20:35:28.601537+00"
"7","e30f910a-f4ea-482e-aa9d-a028d60cae45","need more randomize","setcps(0.5125)
$kick: s(""bd:3"").beat(""0,4,8,12"",16).bank(""RolandTR909"").gain(0.7).lpf(sine.range(2000, 4000).slow(4)).color(""orange"")._scope()
$bass: note(""D2 D2 D2 D2 ~ D2 D2 ~"").sound(""square"").lpf(sine.range(200,800).slow(8)).gain(0.45).color(""cyan"")._pianoroll()
$clap: s(""cp"").beat(""4,12"",16).bank(""RolandTR909"").gain(0.45).room(0.3).degradeBy(0.1).color(""magenta"")
$piano: note(""D3m"").beat(""1,5,9,13"",16).sound(""piano"").attack(0.01).release(0.1).lpf(sine.range(400, 1500).slow(4)).gain(0.22).room(0.2).color(""gold"")._pianoroll()
$hat: s(""[~ hh]*4"").bank(""RolandTR909"").gain(0.2).hpf(6000).swing(0.05).color(""lime"")","setcps(0.5125)
$kick: s(""bd:3"").beat(""0,4,8,12"",16).bank(""RolandTR909"").gain(0.7).lpf(sine.range(2000, 4000).slow(4)).color(""orange"")._scope()
$bass: note(""D2 D2 D2 D2 ~ D2 D2 ~"").sound(""square"").lpf(sine.range(200,800).slow(8)).gain(0.45).color(""cyan"")._pianoroll()
$clap: s(""cp"").beat(""4,12"",16).bank(""RolandTR909"").gain(0.45).room(0.3).degradeBy(0.1).color(""magenta"")
$piano: note(""D3m"").beat(""1,5,9,13"",16).sound(""piano"").attack(0.01).release(0.1).lpf(sine.range(400, 1500).slow(4)).gain(0.22).room(0.2).color(""gold"")._pianoroll()
$hat: s(""[~ hh]*4"").bank(""RolandTR909"").gain(0.2).hpf(6000).swing(0.05).degradeBy(0.15).color(""lime"")","2026-02-28 20:36:09.512626+00"
"8","e30f910a-f4ea-482e-aa9d-a028d60cae45","hat is  not match the beat","setcps(0.5125)
$kick: s(""bd:3"").beat(""0,4,8,12"",16).bank(""RolandTR909"").gain(0.7).lpf(sine.range(2000, 4000).slow(4)).color(""orange"")._scope()
$bass: note(""D2 D2 D2 D2 ~ D2 D2 ~"").sound(""square"").lpf(sine.range(200,800).slow(8)).gain(0.45).color(""cyan"")._pianoroll()
$clap: s(""cp"").beat(""4,12"",16).bank(""RolandTR909"").gain(0.45).room(0.3).degradeBy(0.1).color(""magenta"")
$piano: note(""D3m"").beat(""1,5,9,13"",16).sound(""piano"").attack(0.01).release(0.1).lpf(sine.range(400, 1500).slow(4)).gain(0.22).room(0.2).color(""gold"")._pianoroll()
$hat: s(""[~ hh]*4"").bank(""RolandTR909"").gain(0.2).hpf(6000).swing(0.05).degradeBy(0.15).color(""lime"")._spectrum()","setcps(0.5125)
$kick: s(""bd:3"").beat(""0,4,8,12"",16).bank(""RolandTR909"").gain(0.7).lpf(sine.range(2000, 4000).slow(4)).color(""orange"")._scope()
$bass: note(""D2 D2 D2 D2 ~ D2 D2 ~"").sound(""square"").lpf(sine.range(200,800).slow(8)).gain(0.45).color(""cyan"")._pianoroll()
$clap: s(""cp"").beat(""4,12"",16).bank(""RolandTR909"").gain(0.45).room(0.3).degradeBy(0.1).color(""magenta"")
$piano: note(""D3m"").beat(""1,5,9,13"",16).sound(""piano"").attack(0.01).release(0.1).lpf(sine.range(400, 1500).slow(4)).gain(0.22).room(0.2).color(""gold"")._pianoroll()
$hat: s(""hh"").beat(""2,6,10,14"",16).bank(""RolandTR909"").gain(0.2).hpf(6000).swing(0.05).color(""lime"")._spectrum()","2026-02-28 20:36:43.877323+00"
"9","e30f910a-f4ea-482e-aa9d-a028d60cae45","piano with more variation","setcps(0.5125)
$kick: s(""bd:3"").beat(""0,4,8,12"",16).bank(""RolandTR909"").gain(0.7).lpf(sine.range(2000, 4000).slow(4)).color(""orange"")._scope()
$bass: note(""D2 D2 D2 D2 ~ D2 D2 ~"").sound(""square"").lpf(sine.range(200,800).slow(8)).gain(0.45).color(""cyan"")._pianoroll()
$clap: s(""cp"").beat(""4,12"",16).bank(""RolandTR909"").gain(0.45).room(0.3).degradeBy(0.1).color(""magenta"")
$piano: note(""D3m"").beat(""1,5,9,13"",16).sound(""piano"").attack(0.01).release(0.1).lpf(sine.range(400, 1500).slow(4)).gain(0.22).room(0.2).delay(0.2).delaytime(0.25).delayfeedback(0.6).color(""gold"")._pianoroll()
$hat: s(""hh"").beat(""2,6,10,14"",16).bank(""RolandTR909"").gain(0.2).hpf(6000).swing(0.05).color(""lime"")._spectrum()","setcps(0.5125)
$kick: s(""bd:3"").beat(""0,4,8,12"",16).bank(""RolandTR909"").gain(0.7).lpf(sine.range(2000, 4000).slow(4)).color(""orange"")._scope()
$bass: note(""D2 D2 D2 D2 ~ D2 D2 ~"").sound(""square"").lpf(sine.range(200,800).slow(8)).gain(0.45).color(""cyan"")._pianoroll()
$clap: s(""cp"").beat(""4,12"",16).bank(""RolandTR909"").gain(0.45).room(0.3).degradeBy(0.1).color(""magenta"")
$piano: note(""D3m"").beat(""1,5,9,13"",16).degradeBy(0.2).sound(""piano"").attack(0.01).release(0.1).lpf(sine.range(400, 1500).slow(4)).gain(0.22).room(0.2).delay(0.2).delaytime(0.25).delayfeedback(0.6).color(""gold"")._pianoroll()
$hat: s(""hh"").beat(""2,6,10,14"",16).bank(""RolandTR909"").gain(0.2).hpf(6000).swing(0.05).color(""lime"")._spectrum()","2026-02-28 20:37:11.073665+00"
"10","e30f910a-f4ea-482e-aa9d-a028d60cae45","that's more like it!","setcps(0.5125)
$kick: s(""bd:3"").beat(""0,4,8,12"",16).bank(""RolandTR909"").gain(0.7).lpf(sine.range(2000, 4000).slow(4)).color(""orange"")._scope()
$bass: note(""D2 D2 D2 D2 ~ D2 D2 ~"").sound(""square"").lpf(sine.range(200,800).slow(8)).gain(0.45).color(""cyan"")._pianoroll()
$clap: s(""cp"").beat(""4,12"",16).bank(""RolandTR909"").gain(0.45).room(0.3).degradeBy(0.1).color(""magenta"")
$piano: note(""D3m"").beat(""1,5,9,13"",16).degradeBy(0.2).sound(""piano"").attack(0.01).release(0.1).lpf(sine.range(400, 1500).slow(4)).gain(0.18).room(0.2).delay(0.2).delaytime(0.25).delayfeedback(0.6).pan(sine.range(0.3, 0.7).slow(8)).color(""gold"")._pianoroll()
$hat: s(""hh"").beat(""2,6,10,14"",16).bank(""RolandTR909"").gain(0.2).hpf(6000).swing(0.05).color(""lime"")._spectrum()","setcps(0.5125)
$kick: s(""bd:3"").beat(""0,4,8,12"",16).bank(""RolandTR909"").gain(0.7).lpf(sine.range(2000, 4000).slow(4)).color(""orange"")._scope()
$bass: note(""D2 D2 D2 D2 ~ D2 D2 ~"").sound(""square"").lpf(sine.range(200,800).slow(8)).gain(0.45).color(""cyan"")._pianoroll()
$clap: s(""cp"").beat(""4,12"",16).bank(""RolandTR909"").gain(0.45).room(0.3).degradeBy(0.1).color(""magenta"")
$piano: note(""D3m"").beat(""1,5,9,13"",16).degradeBy(0.2).sound(""piano"").attack(0.01).release(0.1).lpf(sine.range(400, 1500).slow(4)).gain(0.18).room(0.2).delay(0.2).delaytime(0.25).delayfeedback(0.6).pan(sine.range(0.3, 0.7).slow(8)).color(""gold"")._pianoroll()
$hat: s(""hh"").beat(""2,6,10,14"",16).bank(""RolandTR909"").gain(rand.range(0.18, 0.22)).hpf(6000).swing(0.05).color(""lime"")._spectrum()","2026-02-28 20:38:09.368895+00"
"11","e30f910a-f4ea-482e-aa9d-a028d60cae45","add different voice","setcps(0.5125)
$kick: s(""bd:3"").beat(""0,4,8,12"",16).bank(""RolandTR909"").gain(0.7).lpf(sine.range(2000, 4000).slow(4)).color(""orange"")._scope()
$bass: note(""D2 D2 D2 D2 ~ D2 D2 ~"").sound(""square"").lpf(sine.range(200,800).slow(8)).gain(0.45).color(""cyan"")._pianoroll()","setcps(0.5125)
$kick: s(""bd:3"").beat(""0,4,8,12"",16).bank(""RolandTR909"").gain(0.7).lpf(sine.range(2000, 4000).slow(4)).color(""orange"")._scope()
$bass: note(""D2 D2 D2 D2 ~ D2 D2 ~"").sound(""square"").lpf(sine.range(200,800).slow(8)).gain(0.45).color(""cyan"")._pianoroll()
$hat: s(""hh"").beat(""2,6,10,14"",16).bank(""RolandTR909"").gain(0.25).hpf(5000).color(""lime"")._spectrum()","2026-02-28 20:39:43.675128+00"
"12","e30f910a-f4ea-482e-aa9d-a028d60cae45","now with chord","setcps(0.5125)
$kick: s(""bd:3"").beat(""0,4,8,12"",16).bank(""RolandTR909"").gain(0.7).lpf(sine.range(2000, 4000).slow(4)).color(""orange"")._scope()
$bass: note(""D2 D2 D2 D2 ~ D2 D2 ~"").sound(""square"").lpf(sine.range(200,800).slow(8)).gain(0.45).color(""cyan"")._pianoroll()
$hat: s(""hh"").beat(""2,6,10,14"",16).bank(""RolandTR909"").gain(0.25).hpf(5000).color(""lime"")._spectrum()","setcps(0.5125)
$kick: s(""bd:3"").beat(""0,4,8,12"",16).bank(""RolandTR909"").gain(0.7).lpf(sine.range(2000, 4000).slow(4)).color(""orange"")._scope()
$bass: note(""D2 D2 D2 D2 ~ D2 D2 ~"").sound(""square"").lpf(sine.range(200,800).slow(8)).gain(0.45).color(""cyan"")._pianoroll()
$hat: s(""hh"").beat(""2,6,10,14"",16).bank(""RolandTR909"").gain(0.25).hpf(5000).color(""lime"")._spectrum()
$chord: chord(""D3m7"").beat(""0"",16).sound(""supersaw"").attack(0.01).release(0.1).lpf(sine.range(400, 1500).slow(4)).gain(0.25).room(0.2).color(""gold"")._pianoroll()","2026-02-28 20:40:04.090923+00"
"13","e30f910a-f4ea-482e-aa9d-a028d60cae45","the chord again please","setcps(0.5125)
$kick: s(""bd:3"").beat(""0,4,8,12"",16).bank(""RolandTR909"").gain(0.7).lpf(sine.range(2000, 4000).slow(4)).color(""orange"")._scope()
$bass: note(""D2 D2 D2 D2 ~ D2 D2 ~"").sound(""square"").lpf(sine.range(200,800).slow(8)).gain(0.45).color(""cyan"")._pianoroll()
$hat: s(""hh"").beat(""2,6,10,14"",16).bank(""RolandTR909"").gain(0.25).hpf(5000).color(""lime"")._spiral()","setcps(0.5125)
$kick: s(""bd:3"").beat(""0,4,8,12"",16).bank(""RolandTR909"").gain(0.7).lpf(sine.range(2000, 4000).slow(4)).color(""orange"")._scope()
$bass: note(""D2 D2 D2 D2 ~ D2 D2 ~"").sound(""square"").lpf(sine.range(200,800).slow(8)).gain(0.45).color(""cyan"")._pianoroll()
$hat: s(""hh"").beat(""2,6,10,14"",16).bank(""RolandTR909"").gain(0.25).hpf(5000).color(""lime"")._spiral()
$chord: chord(""D3m7"").sound(""supersaw"").attack(0.5).release(1.5).lpf(sine.range(400, 1500).slow(8)).gain(0.3).room(0.3).color(""gold"")._pianoroll()","2026-02-28 20:40:19.892551+00"
"14","e30f910a-f4ea-482e-aa9d-a028d60cae45","more random to chord","setcps(0.5125)
$kick: s(""bd:3"").beat(""0,4,8,12"",16).bank(""RolandTR909"").gain(0.7).lpf(sine.range(2000, 4000).slow(4)).color(""orange"")._scope()
$bass: note(""D2 D2 D2 D2 ~ D2 D2 ~"").sound(""square"").lpf(sine.range(200,800).slow(8)).gain(0.45).color(""cyan"")._pianoroll()
$hat: s(""hh"").beat(""2,6,10,14"",16).bank(""RolandTR909"").gain(0.25).hpf(5000).degradeBy(0.1).color(""lime"")._spiral()
$chord: chord(""D3m7"").sound(""supersaw"").attack(0.5).release(1.5).lpf(sine.range(400, 1500).slow(8)).gain(0.3).room(0.3).color(""gold"")._pianoroll()","setcps(0.5125)
$kick: s(""bd:3"").beat(""0,4,8,12"",16).bank(""RolandTR909"").gain(0.7).lpf(sine.range(2000, 4000).slow(4)).color(""orange"")._scope()
$bass: note(""D2 D2 D2 D2 ~ D2 D2 ~"").sound(""square"").lpf(sine.range(200,800).slow(8)).gain(0.45).color(""cyan"")._pianoroll()
$hat: s(""hh"").beat(""2,6,10,14"",16).bank(""RolandTR909"").gain(0.25).hpf(5000).degradeBy(0.1).color(""lime"")._spiral()
$chord: chord(""D3m7"").sound(""supersaw"").attack(0.5).release(1.5).lpf(sine.range(400, 1500).slow(8)).gain(0.3).room(0.3).degradeBy(0.2).color(""gold"")._pianoroll()","2026-02-28 20:40:52.217571+00"
"15","e30f910a-f4ea-482e-aa9d-a028d60cae45","variation on chord","setcps(0.5125)
$kick: s(""bd:3"").beat(""0,4,8,12"",16).bank(""RolandTR909"").gain(0.7).lpf(sine.range(2000, 4000).slow(4)).color(""orange"")._scope()
$bass: note(""D2 D2 D2 D2 ~ D2 D2 ~"").sound(""square"").lpf(sine.range(200,800).slow(8)).gain(0.45).color(""cyan"")._pianoroll()
$hat: s(""hh"").beat(""2,6,10,14"",16).bank(""RolandTR909"").gain(0.25).hpf(5000).degradeBy(0.1).color(""lime"")._spiral()
$chord: chord(""D3m7"").sound(""supersaw"").attack(0.5).release(1.5).lpf(sine.range(400, 1500).slow(8)).gain(0.3).room(0.3).degradeBy(0.2).color(""gold"")._pianoroll()","setcps(0.5125)
$kick: s(""bd:3"").beat(""0,4,8,12"",16).bank(""RolandTR909"").gain(0.7).lpf(sine.range(2000, 4000).slow(4)).color(""orange"")._scope()
$bass: note(""D2 D2 D2 D2 ~ D2 D2 ~"").sound(""square"").lpf(sine.range(200,800).slow(8)).gain(0.45).color(""cyan"")._pianoroll()
$hat: s(""hh"").beat(""2,6,10,14"",16).bank(""RolandTR909"").gain(0.25).hpf(5000).degradeBy(0.1).color(""lime"")._spiral()
$chord: chord(""D3m7"").beat(""0,8"",16).sound(""supersaw"").attack(0.01).release(0.3).lpf(sine.range(400, 1500).slow(8)).gain(0.3).room(0.3).degradeBy(0.2).color(""gold"")._pianoroll()","2026-02-28 20:41:15.749759+00"
"16","e30f910a-f4ea-482e-aa9d-a028d60cae45","the hat doesn't match","setcps(0.5125)
$kick: s(""bd:3"").beat(""0,4,8,12"",16).bank(""RolandTR909"").gain(0.7).lpf(sine.range(2000, 4000).slow(4)).color(""orange"")._scope()
$bass: note(""D2 D2 D2 D2 ~ D2 D2 ~"").sound(""square"").lpf(sine.range(200,800).slow(8)).gain(0.45).sometimesBy(0.3, x => x.fast(2)).color(""cyan"")._pianoroll()
$hat: s(""hh"").beat(""2,6,10,14"",16).bank(""RolandTR909"").gain(0.25).hpf(5000).lpf(sine.range(6000, 8000).slow(6)).degradeBy(0.1).pan(sine.range(0.4, 0.6).slow(4)).swing(0.05).color(""lime"")._spiral()
$chord: chord(""D3m7"").beat(""0,8"",16).sound(""supersaw"").attack(0.01).release(0.3).lpf(sine.range(400, 1500).slow(8)).gain(0.3).room(0.3).degradeBy(0.2).delay(0.2).delaytime(0.25).color(""gold"")._pianoroll()
$clap: s(""cp"").beat(""4,12"",16).bank(""RolandTR909"").gain(0.4).room(0.3).color(""steelblue"")._spectrum()","setcps(0.5125)
$kick: s(""bd:3"").beat(""0,4,8,12"",16).bank(""RolandTR909"").gain(0.7).lpf(sine.range(2000, 4000).slow(4)).color(""orange"")._scope()
$bass: note(""D2 D2 D2 D2 ~ D2 D2 ~"").sound(""square"").lpf(sine.range(200,800).slow(8)).gain(0.45).sometimesBy(0.3, x => x.fast(2)).color(""cyan"")._pianoroll()
$hat: s(""hh"").beat(""2,6,10,14"",16).bank(""RolandTR909"").gain(0.25).hpf(5000).lpf(sine.range(6000, 8000).slow(6)).degradeBy(0.1).pan(sine.range(0.4, 0.6).slow(4)).color(""lime"")._spiral()
$chord: chord(""D3m7"").beat(""0,8"",16).sound(""supersaw"").attack(0.01).release(0.3).lpf(sine.range(400, 1500).slow(8)).gain(0.3).room(0.3).degradeBy(0.2).delay(0.2).delaytime(0.25).color(""gold"")._pianoroll()
$clap: s(""cp"").beat(""4,12"",16).bank(""RolandTR909"").gain(0.4).room(0.3).color(""steelblue"")._spectrum()","2026-02-28 20:44:52.249676+00"
"17","e30f910a-f4ea-482e-aa9d-a028d60cae45","roll back please gemini have some issue","setcps(0.5125)
$kick: s(""bd:3"").beat(""0,4,8,12"",16).bank(""RolandTR909"").gain(0.7).lpf(sine.range(2000, 4000).slow(4)).color(""orange"")._scope()
$bass: note(""D2 D2 D2 D2 ~ D2 D2 ~"").sound(""square"").lpf(sine.range(200,800).slow(8)).gain(0.45).sometimesBy(0.3, x => x.fast(2)).color(""cyan"")._pianoroll({ labels: 1 })
$hat: s(""hh"").beat(""2,6,10,14"",16).bank(""RolandTR909"").gain(0.25).hpf(5000).lpf(sine.range(6000, 8000).slow(6)).degradeBy(0.1).pan(sine.range(0.4, 0.6).slow(4)).swing(0.05).color(""lime"")._spiral()
$chord: chord(""D3m7","setcps(0.5125)
$kick: s(""bd:3"").beat(""0,4,8,12"",16).bank(""RolandTR909"").gain(0.7).lpf(sine.range(2000, 4000).slow(4)).color(""orange"")._scope()
$bass: note(""D2 D2 D2 D2 ~ D2 D2 ~"").sound(""square"").lpf(sine.range(200,800).slow(8)).gain(0.45).sometimesBy(0.3, x => x.fast(2)).color(""cyan"")._pianoroll()
$hat: s(""hh"").beat(""2,6,10,14"",16).bank(""RolandTR909"").gain(0.25).hpf(5000).lpf(sine.range(6000, 8000).slow(6)).degradeBy(0.1).pan(sine.range(0.4, 0.6).slow(4)).swing(0.05).color(""lime"")._spiral()
$chord: chord(""D3m7"").beat(""0,8"",16).sound(""supersaw"").attack(0.01).release(0.3).lpf(sine.range(400, 1500).slow(8)).gain(0.3).room(0.3).degradeBy(0.2).delay(0.2).delaytime(0.25).color(""gold"")._pianoroll()
$clap: s(""cp"").beat(""4,12"",16).bank(""RolandTR909"").gain(0.4).room(0.3).color(""steelblue"")._spectrum()","2026-02-28 20:45:13.858993+00"
"18","e30f910a-f4ea-482e-aa9d-a028d60cae45","now again the 'hat' beat is sliding out of rhythm","setcps(0.5125)
$kick: s(""bd:3"").beat(""0,4,8,12"",16).bank(""RolandTR909"").gain(0.7).lpf(sine.range(2000, 4000).slow(4)).color(""orange"")._scope()
$bass: note(""D2 D2 D2 D2 ~ D2 D2 ~"").sound(""square"").lpf(sine.range(200,800).slow(8)).gain(0.45).sometimesBy(0.3, x => x.fast(2)).color(""cyan"")._pianoroll()
$hat: s(""hh"").beat(""2,6,10,14"",16).bank(""RolandTR909"").gain(0.25).hpf(5000).lpf(sine.range(6000, 8000).slow(6)).degradeBy(0.1).pan(sine.range(0.4, 0.6).slow(4)).swing(0.05).color(""lime"")._spiral()
$chord: chord(""D3m7"").beat(""0,8"",16).sound(""supersaw"").attack(0.01).release(0.3).lpf(sine.range(400, 1500).slow(8)).gain(0.3).room(0.3).degradeBy(0.2).delay(0.2).delaytime(0.25).color(""gold"")._pianoroll()
$clap: s(""cp"").beat(""4,12"",16).bank(""RolandTR909"").gain(0.4).room(0.3).swing(0.05).color(""steelblue"")._spectrum()","setcps(0.5125)
$kick: s(""bd:3"").beat(""0,4,8,12"",16).bank(""RolandTR909"").gain(0.7).lpf(sine.range(2000, 4000).slow(4)).color(""orange"")._scope()
$bass: note(""D2 D2 D2 D2 ~ D2 D2 ~"").sound(""square"").lpf(sine.range(200,800).slow(8)).gain(0.45).sometimesBy(0.3, x => x.fast(2)).color(""cyan"")._pianoroll()
$hat: s(""hh"").beat(""2,6,10,14"",16).bank(""RololTR909"").gain(0.25).hpf(5000).lpf(sine.range(6000, 8000).slow(6)).degradeBy(0.1).pan(sine.range(0.4, 0.6).slow(4)).color(""lime"")._spiral()
$chord: chord(""D3m7"").beat(""0,8"",16).sound(""supersaw"").attack(0.01).release(0.3).lpf(sine.range(400, 1500).slow(8)).gain(0.3).room(0.3).degradeBy(0.2).delay(0.2).delaytime(0.25).color(""gold"")._pianoroll()
$clap: s(""cp"").beat(""4,12"",16).bank(""RolandTR909"").gain(0.4).room(0.3).swing(0.05).color(""steelblue"")._spectrum()","2026-02-28 20:45:44.815508+00"
"19","e30f910a-f4ea-482e-aa9d-a028d60cae45","now the clap mismatch the rhythm","setcps(0.5125)
$kick: s(""bd:3"").beat(""0,4,8,12"",16).bank(""RolandTR909"").gain(0.7).lpf(sine.range(2000, 4000).slow(4)).color(""orange"")._scope()
$bass: note(""D2 D2 D2 D2 ~ D2 D2 ~"").sound(""square"").lpf(sine.range(200,800).slow(8)).gain(0.45).sometimesBy(0.3, x => x.fast(2)).color(""cyan"")._pianoroll()
$hat: s(""hh"").beat(""2,6,10,14"",16).bank(""RololTR909"").gain(0.25).hpf(5000).lpf(sine.range(6000, 8000).slow(6)).degradeBy(0.1).pan(sine.range(0.4, 0.6).slow(4)).color(""lime"")._spiral()
$chord: chord(""D3m7"").beat(""0,8"",16).sound(""supersaw"").attack(0.01).release(0.3).lpf(sine.range(400, 1500).slow(8)).gain(0.3).room(0.3).degradeBy(0.2).delay(0.2).delaytime(0.25).color(""gold"")._pianoroll()
$clap: s(""cp"").beat(""4,12"",16).bank(""RolandTR909"").gain(0.4).room(0.3).swing(0.05).color(""steelblue"")._spectrum()","setcps(0.5125)
$kick: s(""bd:3"").beat(""0,4,8,12"",16).bank(""RolandTR909"").gain(0.7).lpf(sine.range(2000, 4000).slow(4)).color(""orange"")._scope()
$bass: note(""D2 D2 D2 D2 ~ D2 D2 ~"").sound(""square"").lpf(sine.range(200,800).slow(8)).gain(0.45).sometimesBy(0.3, x => x.fast(2)).color(""cyan"")._pianoroll()
$hat: s(""hh"").beat(""2,6,10,14"",16).bank(""RololTR909"").gain(0.25).hpf(5000).lpf(sine.range(6000, 8000).slow(6)).degradeBy(0.1).pan(sine.range(0.4, 0.6).slow(4)).color(""lime"")._spiral()
$chord: chord(""D3m7"").beat(""0,8"",16).sound(""supersaw"").attack(0.01).release(0.3).lpf(sine.range(400, 1500).slow(8)).gain(0.3).room(0.3).degradeBy(0.2).delay(0.2).delaytime(0.25).color(""gold"")._pianoroll()
$clap: s(""cp"").beat(""4,12"",16).bank(""RolandTR909"").gain(0.4).room(0.3).color(""steelblue"")._spectrum()","2026-02-28 20:45:58.777137+00"
"20","e30f910a-f4ea-482e-aa9d-a028d60cae45","it feel like electirc telephone calling now, i love this rhythm","setcps(0.5125)
$kick: s(""bd:3"").beat(""0,4,8,12"",16).bank(""RolandTR909"").gain(0.7).lpf(sine.range(2000, 4000).slow(4)).color(""tomato"")._scope()
$bass: note(""D2 D2 D2 D2 ~ D2 D2 ~"").sound(""square"").lpf(sine.range(200,800).slow(8)).gain(0.45).sometimesBy(0.4, x => x.fast(2)).color(""cyan"")._pianoroll()
$hat: s(""hh"").beat(""2,6,10,14"",16).bank(""RololTR909"").gain(0.25).hpf(5000).lpf(sine.range(6000, 8000).slow(6)).degradeBy(0.1).pan(sine.range(0.4, 0.6).slow(4)).color(""lime"")._spiral()
$chord: chord(""D3m7"").beat(""0,8"",16).sound(""supersaw"").attack(0.01).release(0.3).lpf(sine.range(400, 1500).slow(8)).gain(0.3).room(0.3).degradeBy(0.2).delay(0.2).delaytime(0.25).color(""gold"")._pianoroll()
$clap: s(""cp"").beat(""4,12"",16).bank(""RolandTR909"").gain(0.4).room(0.3).lpf(sine.range(1000, 3000).slow(8)).color(""steelblue"")._spectrum()","setcps(0.5125)
$kick: s(""bd:3"").beat(""0,4,8,12","2026-02-28 20:49:09.150285+00"
"21","e30f910a-f4ea-482e-aa9d-a028d60cae45","agian gemini failed to render","setcps(0.5125)
$kick: s(""bd:3"").beat(""0,4,8,12","setcps(0.5125)
$kick: s(""bd:3"").beat(""0,4,8,12"",16).bank(""RolandTR909"").gain(0.7).lpf(sine.range(2000, 4000).slow(4)).color(""tomato"")._scope()
$bass: note(""D2 D2 D2 D2 ~ D2 D2 ~"").sound(""square"").lpf(sine.range(200,800).slow(8)).gain(0.45).sometimesBy(0.4, x => x.fast(2)).color(""cyan"")._pianoroll()
$hat: s(""hh"").beat(""2,6,10,14"",16).bank(""RololTR909"").gain(0.25).hpf(5000).lpf(sine.range(6000, 8000).slow(6)).degradeBy(0.1).pan(sine.range(0.4, 0.6).slow(4)).color(""lime"")._spiral()
$chord: chord(""D3m7"").beat(""0,8"",16).sound(""supersaw"").attack(0.01).release(0.3).lpf(sine.range(400, 1500).slow(8)).gain(0.3).room(0.3).degradeBy(0.2).delay(0.2).delaytime(0.25).color(""gold"")._pianoroll()
$clap: s(""cp"").beat(""4,12"",16).bank(""RolandTR909"").gain(0.4).room(0.3).lpf(sine.range(1000, 3000).slow(8)).color(""steelblue"")._spectrum()","2026-02-28 20:49:19.660783+00"
"22","e30f910a-f4ea-482e-aa9d-a028d60cae45","more variation for digitial sound","setcps(0.5125)
$kick: s(""bd:3"").beat(""0,4,8,12"",16).bank(""RolandTR909"").gain(0.7).lpf(sine.range(2000, 4000).slow(4)).color(""tomato"")._scope()
$bass: note(""D2 D2 D2 D2 ~ D2 D2 ~"").sound(""square"").lpf(sine.range(200,800).slow(8)).gain(0.45).sometimesBy(0.4, x => x.fast(2)).color(""cyan"")._pianoroll()
$hat: s(""hh"").beat(""2,6,10,14"",16).bank(""RololTR909"").gain(0.3).hpf(5000).lpf(sine.range(6000, 8000).slow(6)).degradeBy(0.1).pan(sine.range(0.4, 0.6).slow(4)).color(""lime"")._spiral()
$chord: chord(""D3m7"").beat(""0,8"",16).sound(""supersaw"").attack(0.01).release(0.3).lpf(sine.range(400, 1500).slow(8)).gain(0.3).room(0.3).degradeBy(0.2).delay(0.2).delaytime(0.25).color(""gold"")._pianoroll()
$clap: s(""cp"").beat(""4,12"",16).bank(""RolandTR909"").gain(0.4).room(0.3).lpf(sine.range(1000, 3000).slow(8)).color(""steelblue"")._spectrum()","setcps(0.5125)
$kick: s(""bd:3"").beat(""0,4,8,12"",16).bank(""RolandTR909"").gain(0.7).lpf(sine.range(2000, 4000).slow(4)).color(""tomato"")._scope()
$bass: note(""D2 D2 D2 D2 ~ D2 D2 ~"").sound(""square"").lpf(sine.range(200,800).slow(8)).gain(0.45).sometimesBy(0.4, x => x.fast(2)).color(""cyan"")._pianoroll()
$hat: s(""hh"").beat(""2,6,10,14"",16).bank(""RololTR909"").gain(0.3).hpf(5000).lpf(sine.range(6000, 8000).slow(6)).degradeBy(0.1).pan(sine.range(0.4, 0.6).slow(4)).color(""lime"")._spiral()
$chord: chord(""D3m7"").beat(""0,8"",16).sound(""supersaw"").attack(0.01).release(0.3).lpf(sine.range(400, 1500).slow(8)).gain(0.3).room(0.3).degradeBy(0.2).delay(0.2).delaytime(0.25).color(""gold"")._pianoroll()
$clap: s(""cp"").beat(""4,12"",16).bank(""RolandTR909"").gain(0.4).room(0.3).lpf(sine.range(1000, 3000).slow(8)).color(""steelblue"")._spectrum()
$perc: note(""C6"").sound(""sine"").attack(0.01).release(0.1).hpf(8000).gain(0.1).degradeBy(0.7).pan(sine.range(0,1).slow(3)).color(""orchid"")._scope()","2026-02-28 20:49:45.251374+00"
"23","e30f910a-f4ea-482e-aa9d-a028d60cae45","more chord notes please","setcps(0.5125)
$kick: s(""bd:3"").beat(""0,4,8,12"",16).bank(""RolandTR909"").gain(0.7).lpf(sine.range(2000, 4000).slow(4)).color(""tomato"")._scope()
$bass: note(""D2 D2 D2 D2 ~ D2 D2 ~"").sound(""square"").lpf(sine.range(200,800).slow(8)).gain(0.45).sometimesBy(0.4, x => x.fast(2)).color(""cyan"")._pianoroll()
$hat: s(""hh"").beat(""2,6,10,14"",16).bank(""RololTR909"").gain(0.3).hpf(5000).lpf(sine.range(6000, 8000).slow(6)).degradeBy(0.1).pan(sine.range(0.4, 0.6).slow(4)).color(""lime"")._spiral()
$chord: chord(""D3m7"").beat(""0,8"",16).sound(""supersaw"").attack(0.01).release(0.3).lpf(sine.range(400, 1500).slow(8)).gain(0.3).room(0.3).degradeBy(0.2).delay(0.2).delaytime(0.25).color(""gold"")._pianoroll()
$clap: s(""cp"").beat(""4,12"",16).bank(""RolandTR909"").gain(0.4).room(0.3).lpf(sine.range(1000, 3000).slow(8)).color(""steelblue"")._spectrum()
$perc: note(""C6"").sound(""sine"").attack(0.01).release(0.1).hpf(8000).gain(0.1).degradeBy(0.7).pan(sine.range(0,1).slow(3)).color(""orchid"")._scope()","setcps(0.5125)
$kick: s(""bd:3"").beat(""0,4,8,12"",16).bank(""RolandTR909"").gain(0.7).lpf(sine.range(2000, 4000).slow(4)).color(""tomato"")._scope()
$bass: note(""D2 D2 D2 D2 ~ D2 D2 ~"").sound(""square"").lpf(sine.range(200,800).slow(8)).gain(0.45).sometimesBy(0.4, x => x.fast(2)).color(""cyan"")._pianoroll()
$hat: s(""hh"").beat(""2,6,10,14"",16).bank(""RololTR909"").gain(0.3).hpf(5000).lpf(sine.range(6000, 8000).slow(6)).degradeBy(0.1).pan(sine.range(0.4, 0.6).slow(4)).color(""lime"")._spiral()
$chord: chord(""D3m9"").beat(""0,8"",16).sound(""supersaw"").attack(0.01).release(0.3).lpf(sine.range(400, 1500).slow(8)).gain(0.3).room(0.3).degradeBy(0.2).delay(0.2).delaytime(0.25).color(""gold"")._pianoroll()
$clap: s(""cp"").beat(""4,12"",16).bank(""RolandTR909"").gain(0.4).room(0.3).lpf(sine.range(1000, 3000).slow(8)).color(""steelblue"")._spectrum()
$perc: note(""C6"").sound(""sine"").attack(0.01).release(0.1).hpf(8000).gain(0.1).degradeBy(0.7).pan(sine.range(0,1).slow(3)).color(""orchid"")._scope()","2026-02-28 20:50:01.669813+00"
"24","7026a26e-1e34-486e-bbb2-c4c4a0878a00","add piano instrument","setcps(122/60/4)
$kick: sound(""bd:3"").beat(""0,4,8,12"",16).bank(""RolandTR909"").gain(0.7).lpf(sine.range(2000, 4000).slow(4)).color(""red"")
$bass: note(""C2 C2 C2 C2 ~ C2 C2 ~"").sound(""square"").lpf(sine.range(200, 800).slow(8)).gain(0.4).color(""blue"")._pianoroll()","setcps(122/60/4)
$kick: sound(""bd:3"").beat(""0,4,8,12"",16).bank(""RolandTR909"").gain(0.7).lpf(sine.range(2000, 4000).slow(4)).color(""red"")
$bass: note(""C2 C2 C2 C2 ~ C2 C2 ~"").sound(""square"").lpf(sine.range(200, 800).slow(8)).gain(0.4).color(""blue"")._pianoroll()
$piano: chord(""<Cm Cm Cm Cm>"").voicing().sound(""piano"").lpf(800).gain(0.2).room(0.2).color(""green"")","2026-02-28 23:53:30.213355+00"
"25","7026a26e-1e34-486e-bbb2-c4c4a0878a00","different chord on piano","setcps(122/60/4)
$kick: sound(""bd:3"").beat(""0,4,8,12"",16).bank(""RolandTR909"").gain(0.7).lpf(sine.range(2000, 4000).slow(4)).color(""red"")
$bass: note(""C2 C2 C2 C2 ~ C2 C2 ~"").sound(""square"").lpf(sine.range(200, 800).slow(8)).gain(0.4).color(""blue"")._pianoroll()
$piano: chord(""<Cm Cm Cm Cm>"").voicing().sound(""piano"").lpf(800).gain(0.2).room(0.2).color(""green"")","setcps(122/60/4)
$kick: sound(""bd:3"").beat(""0,4,8,12"",16).bank(""RolandTR909"").gain(0.7).lpf(sine.range(2000, 4000).slow(4)).color(""red"")
$bass: note(""C2 C2 C2 C2 ~ C2 C2 ~"").sound(""square"").lpf(sine.range(200, 800).slow(8)).gain(0.4).color(""blue"")._pianoroll()
$piano: chord(""<Cm Abmaj Ebmaj Bbmaj>"").voicing().sound(""piano"").lpf(800).gain(0.2).room(0.2).color(""green"")","2026-02-28 23:53:50.724496+00"
"26","7026a26e-1e34-486e-bbb2-c4c4a0878a00","need piano with different chord","setcps(122/60/4)
$kick: sound(""bd:3"").beat(""0,4,8,12"",16).bank(""RolandTR909"").gain(0.7).lpf(sine.range(2000, 4000).slow(4)).pan(sine.range(0.3, 0.7).slow(8)).color(""red"")
$bass: note(""C2 C2 C2 C2 ~ C2 C2 ~"").sound(""square"").lpf(sine.range(200, 800).slow(8)).gain(0.4).color(""blue"")._pianoroll()","setcps(122/60/4)
$kick: sound(""bd:3"").beat(""0,4,8,12"",16).bank(""RolandTR909"").gain(0.7).lpf(sine.range(2000, 4000).slow(4)).pan(sine.range(0.3, 0.7).slow(8)).color(""red"")
$bass: note(""C2 C2 C2 C2 ~ C2 C2 ~"").sound(""square"").lpf(sine.range(200, 800).slow(8)).gain(0.4).color(""blue"")
$piano: chord(""<Cm Fm Gm Cm>"").voicing().sound(""piano"").lpf(800).gain(0.2).room(0.2).color(""green"")._pianoroll()","2026-02-28 23:55:56.904074+00"
"27","7026a26e-1e34-486e-bbb2-c4c4a0878a00","more instrument","setcps(122/60/4)
$kick: sound(""bd:3"").beat(""0,4,8,12"",16).bank(""RolandTR909"").gain(0.7).lpf(sine.range(2000, 4000).slow(4)).pan(sine.range(0.3, 0.7).slow(8)).color(""red"")
$bass: note(""C2 C2 C2 C2 ~ C2 C2 ~"").sound(""square"").lpf(sine.range(200, 800).slow(8)).gain(0.4).room(0.3).pan(sine.range(0.4, 0.6).slow(6)).color(""blue"")
$piano: chord(""<Cm Fm Gm Cm>"").voicing().sound(""piano"").lpf(800).gain(0.2).room(0.2).color(""green"")._pianoroll()","setcps(122/60/4)
$kick: sound(""bd:3"").beat(""0,4,8,12"",16).bank(""RolandTR909"").gain(0.7).lpf(sine.range(2000, 4000).slow(4)).pan(sine.range(0.3, 0.7).slow(8)).color(""red"")
$bass: note(""C2 C2 C2 C2 ~ C2 C2 ~"").sound(""square"").lpf(sine.range(200, 800).slow(8)).gain(0.4).room(0.3).pan(sine.range(0.4, 0.6).slow(6)).color(""blue"")
$piano: chord(""<Cm Fm Gm Cm>"").voicing().sound(""piano"").lpf(800).gain(0.2).room(0.2).color(""green"")._pianoroll()
$hat: sound(""hh:2"").beat(""2,6,10,14"",16).bank(""RolandTR909"").gain(0.25).hpf(5000).color(""yellow"")","2026-02-28 23:57:21.473999+00"
"28","07b3d70e-7161-45d1-860b-d33923c90c75","need more instrument","setcps(0.35)
$keys: chord(""<Cm7 Fm7 Bb7 Ebmaj7>"").voicing().sound(""triangle"").lpf(1100).room(0.5).gain(0.38)._pianoroll().color(""orchid"")
$kick: sound(""bd:1"").beat(""0,6,10"", 16).bank(""RolandTR909"").swing(0.2).gain(0.5).lpf(1800).color(""gold"")","setcps(0.35)
$keys: chord(""<Cm7 Fm7 Bb7 Ebmaj7>"").voicing().sound(""triangle"").lpf(1100).room(0.5).gain(0.38)._pianoroll().color(""orchid"")
$bass: note(""<'C2 ~ G2 ~ Bb2 ~ G2' 'F2 ~ C3 ~ Eb3 ~ C3' 'Bb2 ~ F3 ~ Ab3 ~ F3' 'Eb2 ~ Bb2 ~ D3 ~ Bb2'>"").sound(""triangle"").lpf(400).gain(0.45).swing(0.2).color(""lightgreen"")
$kick: sound(""bd:1"").beat(""0,6,10"", 16).bank(""RolandTR909"").swing(0.2).gain(0.5).lpf(1800).color(""gold"")","2026-03-01 00:04:13.155326+00"
"29","07b3d70e-7161-45d1-860b-d33923c90c75","how about a drum and piano","setcps(0.35)
$keys: chord(""<Cm7 Fm7 Bb7 Ebmaj7>"").voicing().sound(""triangle"").lpf(1100).room(0.5).gain(0.38)._pianoroll().color(""orchid"")
$kick: sound(""bd:1"").beat(""0,6,10"", 16).bank(""RolandTR909"").swing(0.2).gain(0.5).lpf(1800).color(""gold"")","setcps(0.35)
$keys: chord(""<Cm7 Fm7 Bb7 Ebmaj7>"").voicing().sound(""ep"").lpf(1000).room(0.5).gain(0.38)._pianoroll().color(""orchid"")
$kick: sound(""bd:1"").beat(""0,6,10"", 16).bank(""RolandTR808"").swing(0.2).gain(0.5).lpf(1800).color(""gold"")
$snare: sound(""sd:2"").beat(""4,12"", 16).bank(""RolandTR808"").swing(0.2).gain(0.35).room(0.3).color(""skyblue"")
$hat: sound(""hh"").beat(""0,2,4,6,8,10,12,14"", 16).bank(""RolandTR808"").swing(0.2).gain(0.25).hpf(3500).color(""silver"")","2026-03-01 00:04:17.778531+00"
"30","1db1dad2-9e71-44c4-8e8b-9a986333a0df","key need more random and rhythm with pad","setcps(0.346)
$keys: chord(""<Fm7 Bb7 EbM7 Cm7>"").voicing().sound(""casio"").lpf(800).room(0.5).gain(0.4).color(""hotpink"")._pianoroll()
$kick: sound(""bd:1"").beat(""0,6,10,14"", 16).bank(""RolandTR808"").gain(0.5).swing(0.25).color(""deeppurple"")
$snare: sound(""sd:2"").beat(""4,12"", 16).bank(""RolandTR808"").gain(0.35).room(0.3).swing(0.25).color(""orange"")
$pad: chord(""<Fm7 Bb7 EbM7 Cm7>"").voicing().sound(""sine"").lpf(600).room(0.8).gain(0.18).pan(sine.range(0.2, 0.8).slow(8)).color(""skyblue"")","setcps(0.346)
$keys: chord(""<Fm7 Bb7 EbM7 Cm7>"").voicing().sound(""casio"").lpf(800).room(0.5).gain(rand.range(0.35, 0.45)).pan(sine.range(0.4, 0.6).slow(rand.range(6, 12))).color(""hotpink"")._pianoroll()
$kick: sound(""bd:1"").beat(""0,6,10,14"", 16).bank(""RolandTR808"").gain(0.5).swing(0.25).color(""deeppurple"")
$snare: sound(""sd:2"").beat(""4,12"", 16).bank(""RolandTR808"").gain(0.35).room(0.3).swing(0.25).color(""orange"")
$pad: chord(""<Fm7 Bb7 EbM7 Cm7>"").voicing().sound(""sine"").lpf(600).room(0.8).gain(0.18).pan(sine.range(0.2, 0.8).slow(8)).degradeBy(0.2).color(""skyblue"")","2026-03-01 00:18:10.984102+00"
"31","1db1dad2-9e71-44c4-8e8b-9a986333a0df","keys and pad are too insync, it need gap","setcps(0.346)
$keys: chord(""<Fm7 Bb7 EbM7 Cm7>"").voicing().sound(""pluck"").lpf(1000).room(0.4).gain(0.4).color(""hotpink"")._pianoroll()
$kick: sound(""bd:1"").beat(""0,6,10,14"", 16).bank(""RolandTR808"").gain(0.5).swing(0.25).color(""deeppurple"")
$snare: sound(""sd:2"").beat(""4,12"", 16).bank(""RolandTR808"").gain(0.35).room(0.3).swing(0.25).color(""orange"")
$pad: chord(""<Fm7 Bb7 EbM7 Cm7>"").voicing().sound(""supersaw"").lpf(900).room(0.7).gain(0.25).pan(sine.range(0.2, 0.8).slow(8)).color(""skyblue"")","setcps(0.346)
$keys: note(""<F3 ~ C4 ~ Eb4 ~ C4 ~, Bb3 ~ F4 ~ Ab4 ~ F4 ~, Eb3 ~ Bb3 ~ D4 ~ Bb3 ~, C3 ~ G3 ~ Bb3 ~ G3 ~>"").sound(""pluck"").lpf(1000).room(0.4).gain(rand.range(0.35, 0.45)).color(""hotpink"")._pianoroll()
$kick: sound(""bd:1"").beat(""0,6,10,14"", 16).bank(""RolandTR808"").gain(0.5).swing(0.25).color(""deeppurple"")
$snare: sound(""sd:2"").beat(""4,12"", 16).bank(""RolandTR808"").gain(0.35).room(0.3).swing(0.25).color(""orange"")
$pad: chord(""<Fm7 Bb7 EbM7 Cm7>"").voicing().sound(""supersaw"").lpf(900).room(0.7).gain(0.25).pan(sine.range(0.2, 0.8).slow(8)).degradeBy(0.1).color(""skyblue"")","2026-03-01 00:19:40.205076+00"
"32","0e12f120-dd74-41b5-93a2-0bc8b78b1ace","add bass and drum please","setcps(85/60/4)
$keys: chord(""<EbM7 Cm7 Fm7 Bb7>"").voicing().sound(""sawtooth"").lpf(sine.range(800, 1500).slow(8)).room(0.6).gain(0.35)._pianoroll().color(""purple"")
$bass: note(""Eb2 ~ G2 F2 ~ Ab2 Bb2 ~"").sound(""triangle"").lpf(400).gain(0.45).color(""blue"")","setcps(85/60/4)
$keys: chord(""<EbM7 Cm7 Fm7 Bb7>"").voicing().sound(""sawtooth"").lpf(sine.range(800, 1500).slow(8)).room(0.6).gain(0.35)._pianoroll().color(""purple"")
$bass: note(""Eb2 ~ G2 F2 ~ Ab2 Bb2 ~"").sound(""triangle"").lpf(400).gain(0.45).swing(0.25).color(""blue"")
$kick: sound(""bd:1"").beat(""0,6,10,14"", 16).bank(""RolandTR808"").gain(0.25).swing(0.25).color(""red"")
$snare: sound(""sd:2"").beat(""4,12"", 16).bank(""RolandTR808"").gain(0.35).room(0.3).swing(0.25).color(""red"")
$ghost_snare: sound(""sd:2"").beat(""7,15"", 16).bank(""RolandTR808"").gain(0.12).swing(0.25).color(""darkred"")","2026-03-01 00:22:27.827305+00"
"33","0e12f120-dd74-41b5-93a2-0bc8b78b1ace","keys chord need to lower the volumn and more random","setcps(85/60/4)
$keys: chord(""<EbM7 Cm7 Fm7 Bb7>"").voicing().sound(""sawtooth"").lpf(sine.range(800, 1500).slow(8)).room(0.6).gain(0.35)._pianoroll().delay(0.2).delaytime(0.4).delayfeedback(0.5).color(""purple"")
$bass: note(""Eb2 ~ G2 F2 ~ Ab2 Bb2 ~"").sound(""triangle"").lpf(400).gain(0.45).swing(0.25).color(""blue"")
$kick: sound(""bd:1"").beat(""0,6,10,14"", 16).bank(""RolandTR808"").gain(0.25).swing(0.25).color(""red"")
$snare: sound(""sd:2"").beat(""4,12"", 16).bank(""RolandTR808"").gain(0.35).room(0.3).swing(0.25).color(""red"")","setcps(85/60/4)
$keys: chord(""<EbM7 Cm7 Fm7 Bb7>"").voicing().sound(""sawtooth"").lpf(sine.range(800, 1500).slow(8)).room(0.6).gain(rand.range(0.2, 0.28))._pianoroll().delay(0.2).delaytime(0.4).delayfeedback(0.5).color(""purple"")
$bass: note(""Eb2 ~ G2 F2 ~ Ab2 Bb2 ~"").sound(""triangle"").lpf(400).gain(0.45).swing(0.25).color(""blue"")
$kick: sound(""bd:1"").beat(""0,6,10,14"", 16).bank(""RolandTR808"").gain(0.25).swing(0.25).color(""red"")
$snare: sound(""sd:2"").beat(""4,12"", 16).bank(""RolandTR808"").gain(0.35).room(0.3).swing(0.25).color(""red"")","2026-03-01 00:23:41.721563+00"